country,iso3,worst_remaining,expected_remaining,rank_minimax,rank_expected
Afghanistan,AFG,67,29.635897,126,97
Albania,ALB,64,30.825641,113,106
Algeria,DZA,48,26.887179,52,71
Andorra,AND,106,64.938462,186,186
Angola,AGO,48,24.948718,51,57
Antigua and Barbuda,ATG,91,54.189744,178,179
Argentina,ARG,85,46.671795,172,169
Armenia,ARM,64,33.215385,117,124
Australia,AUS,51,30.958974,73,107
Austria,AUT,56,30.087179,88,102
Azerbaijan,AZE,41,19.953846,24,22
Bahamas,BHS,68,36.374359,135,144
Bahrain,BHR,65,31.020513,120,110
Bangladesh,BGD,39,22.34359,18,37
Barbados,BRB,89,51.307692,175,173
Belarus,BLR,51,26.917949,69,72
Belgium,BEL,50,26.548718,63,69
Belize,BLZ,70,35.707692,141,137
Benin,BEN,57,29.297436,92,94
Bhutan,BTN,60,28.220513,100,85
Bolivia,BOL,56,28.076923,87,81
Bosnia and Herzegovina,BIH,65,31.953846,121,116
Botswana,BWA,32,17.389744,6,6
Brazil,BRA,80,53.133333,165,176
Brunei,BRN,77,38.610256,158,153
Bulgaria,BGR,47,24.435897,46,55
Burkina Faso,BFA,69,34.753846,138,134
Burundi,BDI,30,16.333333,3,2
Cambodia,KHM,63,31.676923,111,114
Cameroon,CMR,40,21.471795,20,28
Canada,CAN,94,61.728205,180,181
Cape Verde,CPV,52,28.261538,79,86
Central African Republic,CAF,41,18.815385,22,16
Chad,TCD,64,31.307692,115,111
Chile,CHL,80,41.082051,163,160
China,CHN,108,68.025641,188,188
Colombia,COL,58,35.14359,94,136
Comoros,COM,61,29.276923,105,93
Costa Rica,CRI,39,21.902564,17,34
Croatia,HRV,61,29.769231,106,98
Cuba,CUB,44,21.646154,38,32
Cyprus,CYP,67,33.646154,128,128
Czechia,CZE,51,27.65641,70,78
DR Congo,COD,52,31.676923,80,113
Denmark,DNK,61,30.323077,108,104
Djibouti,DJI,72,37.892308,146,151
Dominica,DMA,84,48.979487,171,172
Dominican Republic,DOM,35,18.497436,8,12
Ecuador,ECU,57,28.138462,90,83
Egypt,EGY,51,29.317949,71,95
El Salvador,SLV,57,25.861538,89,61
Equatorial Guinea,GNQ,52,23.471795,74,49
Eritrea,ERI,44,22.374359,39,38
Estonia,EST,74,37.420513,152,149
Eswatini,SWZ,42,23.676923,31,50
Ethiopia,ETH,51,30.035897,72,101
Fiji,FJI,67,37.082051,131,147
Finland,FIN,48,27.235897,53,73
France,FRA,77,36.630769,157,145
Gabon,GAB,30,15.789744,2,1
Gambia,GMB,75,39.266667,154,155
Georgia,GEO,55,28.169231,85,84
Germany,DEU,73,34.6,147,130
Ghana,GHA,68,33.225641,133,125
Greece,GRC,51,26.415385,68,66
Grenada,GRD,91,53.574359,176,177
Guatemala,GTM,30,19.071795,5,18
Guinea,GIN,49,22.794872,55,42
Guinea-Bissau,GNB,67,34.702564,129,132
Guyana,GUY,45,24.6,41,56
Haiti,HTI,41,20.210256,25,23
Honduras,HND,33,19.317949,7,20
Hungary,HUN,50,26.487179,62,68
Iceland,ISL,66,35.102564,124,135
India,IND,58,38.425641,95,152
Indonesia,IDN,64,35.994872,118,140
Iran,IRN,72,36.302564,145,143
Iraq,IRQ,53,23.215385,81,47
Ireland,IRL,61,29.779487,107,99
Israel,ISR,28,16.620513,1,5
Italy,ITA,68,31.635897,132,112
Ivory Coast,CIV,60,27.728205,99,79
Jamaica,JAM,65,30.989744,119,108
Japan,JPN,64,29.851282,112,100
Jordan,JOR,39,17.871795,15,10
Kazakhstan,KAZ,76,39.615385,156,156
Kenya,KEN,49,24.374359,56,54
Kiribati,KIR,104,64.630769,183,183
Kosovo,UNK,81,43.041026,167,165
Kuwait,KWT,54,23.102564,83,44
Kyrgyzstan,KGZ,53,27.389744,82,75
Laos,LAO,39,16.333333,14,3
Latvia,LVA,71,35.779487,144,139
Lebanon,LBN,37,18.620513,12,14
Lesotho,LSO,43,23.246154,36,48
Liberia,LBR,41,17.65641,21,7
Libya,LBY,36,18.702564,11,15
Liechtenstein,LIE,115,75.358974,192,192
Lithuania,LTU,68,33.615385,134,127
Luxembourg,LUX,86,44.958974,173,168
Madagascar,MDG,45,22.107692,40,35
Malawi,MWI,38,17.738462,13,9
Malaysia,MYS,50,23.153846,60,45
Maldives,MDV,82,44.117949,169,166
Mali,MLI,76,38.969231,155,154
Malta,MLT,78,41.266667,161,163
Marshall Islands,MHL,115,77.061538,193,193
Mauritania,MRT,50,28.487179,64,89
Mauritius,MUS,51,25.861538,67,60
Mexico,MEX,66,41.174359,125,162
Micronesia,FSM,108,68.394872,189,189
Moldova,MDA,67,32.651282,127,121
Monaco,MCO,106,64.702564,184,184
Mongolia,MNG,60,35.738462,102,138
Montenegro,MNE,81,41.502564,166,164
Morocco,MAR,51,23.174359,66,46
Mozambique,MOZ,42,22.723077,30,41
Myanmar,MMR,52,25.871795,75,62
Namibia,NAM,35,18.538462,9,13
Nauru,NRU,120,83.492308,194,194
Nepal,NPL,51,21.758974,65,33
Netherlands,NLD,45,25.410256,42,58
New Zealand,NZL,42,23.953846,32,52
Nicaragua,NIC,47,20.866667,45,24
Niger,NER,73,36.169231,148,141
Nigeria,NGA,93,51.758974,179,174
North Korea,PRK,59,28.364103,96,88
North Macedonia,MKD,69,34.292308,136,129
Norway,NOR,48,27.471795,54,76
Oman,OMN,50,26.189744,61,64
Pakistan,PAK,62,31.810256,109,115
Palau,PLW,110,71.133333,191,191
Panama,PAN,48,22.6,48,40
Papua New Guinea,PNG,35,19.25641,10,19
Paraguay,PRY,43,21.54359,33,29
Peru,PER,74,37.574359,153,150
Philippines,PHL,55,26.6,84,70
Poland,POL,70,33.287179,140,126
Portugal,PRT,46,25.482051,44,59
Qatar,QAT,66,32.558974,123,120
Republic of the Congo,COG,43,22.815385,35,43
Romania,ROU,63,30.825641,110,105
Russia,RUS,109,68.969231,190,190
Rwanda,RWA,30,16.528205,4,4
Saint Kitts and Nevis,KNA,88,52.733333,174,175
Saint Lucia,LCA,95,56.558974,181,180
Saint Vincent and the Grenadines,VCT,91,53.574359,177,178
Samoa,WSM,81,46.948718,168,170
San Marino,SMR,106,64.805128,185,185
Saudi Arabia,SAU,52,28.076923,78,80
Senegal,SEN,64,32.34359,116,118
Serbia,SRB,52,26.282051,76,65
Seychelles,SYC,83,44.405128,170,167
Sierra Leone,SLE,46,21.205128,43,26
Singapore,SGP,52,27.635897,77,77
Slovakia,SVK,60,29.317949,101,96
Slovenia,SVN,73,36.241026,149,142
Solomon Islands,SLB,80,41.082051,164,161
Somalia,SOM,61,28.107692,104,82
South Africa,ZAF,57,29.246154,91,92
South Korea,KOR,43,21.625641,34,31
South Sudan,SSD,64,31.0,114,109
Spain,ESP,74,34.6,151,131
Sri Lanka,LKA,42,22.2,29,36
Sudan,SDN,79,40.825641,162,159
Suriname,SUR,49,29.184615,58,90
Sweden,SWE,58,29.184615,93,91
Switzerland,CHE,59,30.323077,97,103
Syria,SYR,50,21.205128,59,27
São Tomé and Príncipe,STP,69,34.723077,137,133
Tajikistan,TJK,55,28.353846,86,87
Tanzania,TZA,49,26.435897,57,67
Thailand,THA,71,33.205128,143,123
Timor-Leste,TLS,67,36.661538,130,146
Togo,TGO,48,24.282051,50,53
Tonga,TON,73,47.246154,150,171
Trinidad and Tobago,TTO,77,40.169231,159,157
Tunisia,TUN,39,18.394872,16,11
Turkey,TUR,70,32.794872,139,122
Turkmenistan,TKM,42,17.676923,26,8
Tuvalu,TUV,121,85.0,195,195
Uganda,UGA,42,19.707692,27,21
Ukraine,UKR,78,37.174359,160,148
United Arab Emirates,ARE,47,27.317949,47,74
United Kingdom,GBR,66,32.046154,122,117
United States,USA,103,64.312821,182,182
Uruguay,URY,39,22.558974,19,39
Uzbekistan,UZB,61,26.046154,103,63
Vanuatu,VUT,70,40.569231,142,158
Vatican City,VAT,107,66.979487,187,187
Venezuela,VEN,59,32.374359,98,119
Vietnam,VNM,48,23.902564,49,51
Yemen,YEM,42,21.564103,28,30
Zambia,ZMB,44,20.989744,37,25
Zimbabwe,ZWE,41,19.061538,23,17
